Country Name,Country Code,Access to electricity (% of population),"Compulsory education, duration (years)","Employment to population ratio, 15+, total (%) (modeled ILO estimate)","GDP per capita, PPP (current international $)",Individuals using the Internet (% of population),"Industry (including construction), value added per worker (constant 2015 US$)","Inflation, GDP deflator (annual %)",Land area (sq. km),Merchandise exports by the reporting economy (current US$),Military expenditure (% of GDP),Net migration,Population ages 15-64 (% of total population),Proportion of seats held by women in national parliaments (%),Renewable energy consumption (% of total final energy consumption),Urban population (% of total population),"Vulnerable employment, total (% of total employment) (modeled ILO estimate)",happiness_score,social_support,healthy_life_expectancy_at_birth,freedom_to_make_life_choices,generosity,perceptions_of_corruption,positive_affect,negative_affect
Afghanistan,AFG,93.4,9.0,40.466,2432.276700833362,16.8,3213.5147413414693,2.0713485778348684,652230.0,875181037.0,1.00674585570556,-36753.0,52.6732723441847,,18.3,24.9991645191406,82.31332217699,2694.0,508.0,53575.0,374.0,-91.0,928.0,385.0,405.0
Angola,AGO,45.3,10.0,62.812,8278.368861704694,29.0,47872.02216504426,25.19415615278855,1246700.0,40105134731.0,1.95578680987962,61632.0,52.10972051613,30.4545454545455,52.5,65.8732136723372,65.26018894209066,,,,,,,,
Albania,ALB,100.0,9.0,52.0,14182.116389235238,65.4,14276.333878605528,1.4532872250901503,27400.0,3099145302.0,1.16054478505068,-15032.0,68.2552118334715,27.8571428571429,37.8,56.377000259892,52.1865088304747,5004.0,684.0,69075.0,824.0,7.0,899.0,592.0,319.0
United Arab Emirates,ARE,100.0,12.0,77.339,77446.2269929923,98.45,92966.06130114108,7.567705988989459,71020.0,209614543813.0,,14611.0,81.7897488678028,22.5,0.3,84.8601805824625,0.953032968752257,6604.0,851.0,65.85,944.0,45.0,,723.0,302.0
Argentina,ARG,100.0,14.0,54.101,24410.39190633349,77.7,33870.29659565637,42.03366895750307,2736690.0,60395731731.0,0.732300347538541,5742.0,64.1630568429568,38.9105058365759,10.5,91.7679941327998,21.617557722241724,5793.0,0.9,67.05,846.0,-214.0,855.0,732.0,321.0
Armenia,ARM,99.9,12.0,49.697,12877.493754355326,68.2451,13778.61415028496,2.787709514257614,28470.0,2393781112.0,4.11988615256896,-13129.0,67.836738214504,18.0952380952381,11.1,64.8502833795679,41.6632765532805,5062.0,814.0,66825.0,808.0,-169.0,677.0,535.0,455.0
Australia,AUS,100.0,11.0,62.286,50371.23383078197,90.0,132704.7538165226,1.846175553033106,7692020.0,249551021495.0,1.8956200767670897,226412.0,65.5972081360588,28.6666666666667,9.8,87.2267680845925,9.764740008407117,7177.0,0.94,70825.0,916.0,143.0,405.0,706.0,187.0
Austria,AUT,100.0,13.0,57.914,56636.495303054166,87.4791,95486.4550322685,1.8104799613359432,82520.0,184608871719.0,0.748993468286285,35296.0,66.8074529749847,34.4262295081967,34.1,68.1046787227623,9.12127558183906,7396.0,912.0,70775.0,904.0,0.05,523.0,695.0,226.0
Azerbaijan,AZE,100.0,9.0,62.195,15282.999523229812,79.8,31168.74882503856,12.18443300318313,82654.0,19456918100.0,3.54929331269041,-37559.0,69.8692138262529,16.8,1.9,57.1841534654123,55.1666537127637,5168.0,781.0,63475.0,772.0,-235.0,561.0,527.0,191.0
Burundi,BDI,9.5,,79.126,823.0131022416592,4.0,2999.3597533783945,-1.5382572292660657,25680.0,152259861.0,2.1494195662191298,68141.0,49.8778863700716,36.3636363636364,85.7,17.6820221982475,85.08826328967669,3775.0,485.0,55.2,646.0,-23.0,599.0,636.0,363.0
Belgium,BEL,100.0,12.0,50.48,52466.733078459896,88.6473,89878.05651039226,1.7172823662303929,30493.0,463146839282.0,0.892442476666613,50604.0,64.2447525310394,38.0,10.7,86.8883449485575,11.324922472134556,6892.0,0.93,70.45,808.0,-129.0,0.63,682.0,0.25
Benin,BEN,39.0,6.0,73.642,2965.306281436642,19.0,2197.0657074596024,0.6704476142176361,112760.0,957894044.0,0.6328575401476,3372.0,53.9063205647746,7.2289156626506,44.0,47.9952829275963,82.2529102241123,5.82,504.0,55.2,713.0,3.0,747.0,625.0,468.0
Burkina Faso,BFA,14.4,10.0,74.215,2073.3235382155035,8.5,2569.6330472832747,1.0739668896834471,273600.0,3254984070.0,1.92538455062898,-23938.0,52.5907037810603,11.0236220472441,73.7,26.0832202154822,80.795201571007,4927.0,665.0,54525.0,721.0,-12.0,757.0,656.0,343.0
Bangladesh,BGD,86.9,5.0,56.3,5490.158818651793,25.6,5350.854366973179,5.805538767045746,130170.0,27615508107.0,1.15395749092166,-1029069.0,64.7973177686173,20.2857142857143,27.0,30.5175656009959,56.29300507784019,4499.0,706.0,64175.0,901.0,-56.0,701.0,433.0,361.0
Bulgaria,BGR,98.7,11.0,52.434,22605.86603914358,64.782,13852.444462644096,4.235276423576863,108560.0,32224807635.0,1.45106212373153,-3873.0,64.5280031853111,23.75,19.6,73.600212097168,7.242195994150644,5099.0,924.0,66.2,724.0,-0.18,952.0,554.0,189.0
Bahrain,BHR,100.0,9.0,71.214,51993.13078186518,98.6447,44056.33627785775,4.212713525716055,778.0,7432985005.0,4.04108625299001,-25978.0,77.3842993458645,15.0,0.0,100.0,0.859416855191711,,,,,,,,
Bosnia and Herzegovina,BIH,100.0,9.0,40.089,13996.806305786533,70.1201,10830.851364188433,2.790157339660837,51200.0,7113255363.0,0.84004735664614,-29147.0,67.2051520519634,21.4285714285714,35.4,48.971927825824,17.49791273390414,5887.0,836.0,67.15,659.0,122.0,913.0,568.0,277.0
Belarus,BLR,99.3,9.0,61.344,20025.9815543598,79.1299,13161.935573208257,12.13922998806484,202980.0,33044293100.000004,1.53799428873681,8615.0,68.079682439857,34.5454545454545,7.2,77.2132720947266,7.36042971624877,5234.0,905.0,65775.0,644.0,-178.0,718.0,409.0,236.0
Belize,BLZ,91.7,8.0,61.005,9497.234804434182,53.5936,11267.322514916956,0.0550845795919201,22810.0,240603042.0,1.01132122816519,187.0,65.8339174150145,9.375,35.5,43.164848281502,26.058589858690738,,,,,,,,
Bolivia,BOL,92.8,14.0,69.272,10758.407559400322,44.2861,7508.950744490142,2.475118360273456,1083300.0,9014299554.0,1.49690260690782,-9344.0,62.7195359063944,53.0769230769231,14.3,69.4133879813999,65.7380978893668,5916.0,827.0,63.15,863.0,-94.0,786.0,705.0,387.0
Brazil,BRA,99.7,14.0,56.549,15463.742639374306,70.4343,17731.428012924254,4.493534327832307,8358140.0,240158557975.0,1.46967772350671,-230334.0,69.7196181499875,15.009746588694,46.9,86.4420719945072,27.18411418756252,6191.0,882.0,65225.0,751.0,-0.12,763.0,677.0,0.35
Bhutan,BTN,100.0,,60.506,11969.561500330536,63.5,19824.98129675016,1.1508627637055753,38140.0,545189154.0,,287.0,69.1310007515541,14.8936170212766,80.0,38.4661892776975,71.5103665115848,,,,,,,,
Botswana,BWA,68.3,,50.697,15785.819633780991,54.2022,45670.64077894104,0.0566218861915785,566730.0,6359987889.0,2.92475944543875,-11623.0,62.5862659140957,9.52380952380952,25.6,66.1579176461888,27.23768454280695,3461.0,795.0,53625.0,818.0,-246.0,807.0,688.0,267.0
Central African Republic,CAF,14.6,10.0,69.153,905.8177889410938,5.1,1573.3626899403762,-1.224117158457048,622980.0,55636972.0,1.33998903358031,-52954.0,48.7904355645416,8.57142857142857,91.4,41.2824666248606,79.690565001594,,,,,,,,
Canada,CAN,100.0,10.0,61.721,49982.59991183458,94.64,106057.88904198594,1.6511181804358586,8965590.0,447544277171.0,1.3176781061648,420224.0,66.7853309042324,26.9461077844311,22.3,81.5500341646653,10.607027993161251,7175.0,923.0,71.25,946.0,102.0,372.0,773.0,259.0
Switzerland,CHE,100.0,11.0,65.343,70688.81874911941,91.8,195038.588152988,0.7642891973971331,39509.63,309814021772.0,0.652876569793988,41253.0,66.6250290837812,32.5,24.2,79.2922201625844,9.99332462166162,7509.0,0.93,72.3,926.0,94.0,301.0,756.0,192.0
Chile,CHL,100.0,12.0,58.389,25305.09034626108,84.9,35781.86027657203,1.590199737162294,742286.76,74255803719.0,1.87761395069212,237807.0,68.9280916071827,22.5806451612903,25.5,87.9620493753008,20.97482748501161,6436.0,0.89,69.85,789.0,-66.0,816.0,755.0,276.0
China,CHN,100.0,9.0,64.887,16298.20506191087,59.2,23768.64621636623,3.467897772921688,9388210.0,2501126772400.0,1.67357820944542,-198206.0,70.1553162360731,24.8993288590604,13.5,61.5001983642578,35.8183526295519,5131.0,788.0,68375.0,895.0,-161.0,,722.0,0.19
Cote d'Ivoire,CIV,67.1,10.0,63.541,4945.625205759153,37.5465,12385.62399108842,1.6819764717322556,318000.0,11646337360.0,1.0392140823524698,5395.0,55.1358501698895,10.5882352941176,60.5,50.8718477756395,71.69486835884109,5268.0,621.0,54225.0,713.0,-51.0,791.0,659.0,386.0
Cameroon,CMR,62.2,6.0,65.919,4010.763600695264,29.7,6524.331597392536,1.8969916226624832,472710.0,3806093834.0,1.07600981816736,-9184.0,54.311618102486,31.1111111111111,78.7,53.6339873660653,70.6635008051378,5251.0,677.0,53825.0,816.0,31.0,884.0,0.63,356.0
"Congo, Dem. Rep.",COD,18.7,6.0,61.53,1048.865028556721,11.7,7409.269367971794,29.839007594082062,2267050.0,14101674596.0,0.6123465560364101,-124246.0,51.0356303771569,8.94308943089431,96.4,42.4946599159958,81.65916537781331,,,,,,,,
"Congo, Rep.",COG,47.0,10.0,53.945,5593.193705786856,,14117.1945910632,22.2344412921584,341500.0,11125100589.0,1.97928115025179,-8856.0,55.2471969415942,11.2582781456954,70.6,63.4434577481975,75.57370507236142,5.49,621.0,55875.0,699.0,-102.0,738.0,571.0,448.0
Colombia,COL,98.5,12.0,59.131,15239.404948827652,64.1264,18611.636393833865,4.630579673278263,1109500.0,41500898468.0,3.0332327385044,495524.0,69.4027046556989,18.1286549707602,30.4,77.2804816598084,44.25442163540141,5984.0,871.0,68825.0,851.0,-152.0,855.0,775.0,301.0
Comoros,COM,81.0,6.0,48.769,3276.0093669533244,,2375.1962511685524,0.956043171236658,1861.0,45971251.0,,-2917.0,56.6662994595575,6.06060606060606,57.7,31.4073645195839,57.39127409063432,3973.0,621.0,58725.0,0.56,79.0,794.0,688.0,337.0
Costa Rica,CRI,99.7,13.0,56.605,21498.03507468364,73.4797,29078.47698184248,2.192478427937644,51060.0,11332114348.0,,1673.0,68.8109769257363,45.6140350877193,33.1,76.5544308439668,24.62919776436767,7141.0,876.0,70.0,942.0,-114.0,781.0,802.0,326.0
Cuba,CUB,99.6,9.0,54.518,,62.6789,22700.207363386777,1.0322693418087852,103800.0,2310685999.0,2.87620737245072,-23779.0,68.8443538601961,53.2231404958678,24.0,77.0156326293945,21.2662835521349,,,,,,,,
Cyprus,CYP,100.0,10.0,59.82,37927.16796875,84.4336,27192.398777565137,1.0257536046091218,9240.0,3616376730.0,1.74983319036456,10311.0,70.908704590838,17.8571428571429,12.0,66.8255530496405,11.108155556737811,6276.0,826.0,72.2,794.0,-29.0,848.0,663.0,298.0
Czechia,CZE,100.0,10.0,59.017,41638.18310765962,80.6882,34894.34767736997,2.813359800017352,77210.0,201969198523.0,1.07552668819544,5849.0,64.6915656051411,22.0,14.7,72.8498744351241,13.816934265141091,7034.0,929.0,68675.0,0.79,-297.0,851.0,674.0,178.0
Germany,DEU,100.0,13.0,58.8,56273.0405627017,87.0371,83128.07465925434,1.8708595389829128,349380.0,1554274471398.0,1.14814145777047,403908.0,64.9876223341919,30.7475317348378,16.0,81.1423036204018,5.548239824173228,7118.0,0.92,70.7,877.0,0.03,496.0,0.74,243.0
Djibouti,DJI,62.4,10.0,23.704,5083.110770301825,57.0617,39908.252458413415,0.6560190486443247,23180.0,4908924840.0,,1435.0,63.4764834188838,26.1538461538462,24.7,71.5153442785902,30.74663942609055,,,,,,,,
Denmark,DNK,100.0,10.0,58.73,57233.62316856178,97.3192,124714.66465514348,0.5930221995540137,40000.0,108853211163.0,1.28310489294024,18919.0,64.0075911860982,37.4301675977654,34.6,88.1059762310689,5.878420996468732,7649.0,958.0,70875.0,935.0,13.0,151.0,773.0,206.0
Dominican Republic,DOM,98.9,15.0,60.033,17994.838274273567,74.822,23776.37851164345,4.540505039744232,48310.0,10177978994.0,0.693991110098086,-35934.0,65.4341030676578,26.8421052631579,15.9,73.7589255716938,40.71967500047883,5433.0,862.0,63.8,867.0,-153.0,762.0,719.0,291.0
Algeria,DZA,99.6,10.0,37.16,13727.126635785886,49.0385,19950.167361086253,6.164678363891625,2381741.0,39904750613.0,4.92992700311609,-27146.0,64.0409495016296,25.7575757575758,0.2,71.905249845153,26.99086507157764,5043.0,799.0,66.3,583.0,-151.0,759.0,534.0,293.0
Ecuador,ECU,98.7,15.0,64.307,12186.884608438771,57.5,19746.986872713514,1.81939670683758,248360.0,21648298734.0,2.37199911152844,95482.0,65.4040358199557,37.956204379562,16.3,63.0433276812321,50.2721553528032,6128.0,851.0,68.25,869.0,-103.0,831.0,817.0,328.0
"Egypt, Arab Rep.",EGY,100.0,12.0,39.032,12329.244678143592,46.9243,18201.03894204857,21.174820816453632,995450.0,28925490180.0,1.24996619642133,20788.0,61.5446717092144,14.9328859060403,5.0,42.4577177449969,18.90038466791134,4005.0,759.0,62.75,682.0,-215.0,,407.0,285.0
Spain,ESP,100.0,10.0,48.842,41015.15657551875,86.1072,65935.30876535,1.187354702375984,499603.479,335034828365.0,1.24562475871831,337467.0,66.1319737035927,39.1428571428571,16.9,79.5580057813361,11.429862015828451,6513.0,0.91,71975.0,722.0,-79.0,777.0,636.0,357.0
Estonia,EST,100.0,9.0,60.062,37120.98797616774,89.357,31850.37131915425,4.84907461768212,42750.0,16794986815.0,1.97061311743188,7089.0,63.9606434212114,26.7326732673267,28.6,69.2803532930133,7.333167686898121,6091.0,933.0,68975.0,886.0,-145.0,621.0,0.73,163.0
Ethiopia,ETH,44.8,8.0,71.104,2095.317578297902,15.9,5073.3273942507285,12.382276100106978,1128561.4,1548644259.0,0.645850962685811,9302.0,55.7047451273376,38.7568555758684,90.0,20.7838096618652,85.5703892314737,4379.0,0.74,59.5,0.74,39.0,799.0,562.0,272.0
Finland,FIN,100.0,10.0,54.944,49248.67753958663,88.89,105360.13824631454,1.98705901186365,303920.0,74896066017.0,1.37168236993597,11822.0,62.3153408434214,42.0,44.2,72.3423467740343,9.830143845407465,7858.0,962.0,70925.0,938.0,-131.0,199.0,749.0,182.0
France,FRA,100.0,10.0,50.313,46381.05906294572,82.0432,76671.37109519765,1.114593313328058,538950.0,576642720651.0,1.84604257144589,132925.0,62.1793955597294,39.5833333333333,15.2,78.6714432536599,7.42132147130234,6666.0,921.0,72.0,816.0,-142.0,582.0,705.0,282.0
Gabon,GAB,89.6,10.0,40.789,15432.043053535284,55.4202,70857.08958896609,7.176657494399336,257670.0,8583291482.000001,1.55363446931116,2886.0,59.3016599109305,,90.3,89.4539949981866,30.51469172074,4783.0,785.0,57275.0,719.0,-198.0,823.0,614.0,418.0
United Kingdom,GBR,100.0,11.0,60.023,47212.20451905218,90.692,94324.49899705092,1.962766121818092,241930.0,481917394922.0,1.94455569473457,259744.0,63.6924638374832,32.1538461538462,10.2,82.4465657551295,13.034667059752811,7233.0,928.0,70.0,838.0,221.0,404.0,736.0,228.0
Georgia,GEO,99.9,9.0,55.836,15021.9057577433,62.7179,15989.050446164598,3.484816286791244,69490.0,3379654523.0,1.86470954721815,-5176.0,64.9358595812196,16.0,27.4,58.3038181862576,47.3615527217238,4659.0,617.0,64575.0,775.0,-236.0,755.0,479.0,244.0
Ghana,GHA,80.4,11.0,63.191,5536.497954002185,43.0,10159.116754391274,10.5684824952629,227540.0,17077592131.000002,0.32587623925291,-19375.0,58.7468098211202,12.7272727272727,42.1,55.218477566593,65.37331584167157,5004.0,761.0,57625.0,817.0,61.0,846.0,716.0,0.25
Guinea,GIN,45.0,6.0,50.989,2844.4642767054875,21.83,7136.259662409339,7.059084420391315,245720.0,3409549554.0,1.67017173427376,-9187.0,53.8882234347498,21.9298245614035,73.2,35.8554382324219,80.5418393048145,5252.0,0.63,52.85,731.0,91.0,778.0,727.0,0.44
"Gambia, The",GMB,60.3,9.0,45.833,2277.442362241909,28.3,2561.972207491951,6.951764037942581,10120.0,14034475.0,0.68699671133711,-3944.0,54.5641373343913,10.3448275862069,48.1,61.0645869348107,67.95862636481047,4922.0,685.0,56.7,719.0,443.0,691.0,759.0,379.0
Greece,GRC,100.0,10.0,41.057,29792.05925195854,72.2384,51235.09349621877,-0.2348004513174117,128900.0,39462774171.0,2.70054108209766,17938.0,63.7348406022322,18.6666666666667,17.9,78.0490656849874,25.91791528803437,5409.0,794.0,70775.0,564.0,-338.0,0.86,564.0,255.0
Guatemala,GTM,94.2,16.0,59.122,9946.802522452675,41.5,12125.908171257865,1.2715607833708304,107160.0,10697876501.0,0.372491637911365,-56487.0,60.7606992532509,12.6582278481013,64.0,53.845962303542,37.90026697439349,6627.0,841.0,62.1,0.91,-13.0,765.0,827.0,262.0
Guyana,GUY,90.9,6.0,48.188,12442.508718587647,48.5989,19117.118252928256,-2.8874879253939127,196850.0,1445225290.0,1.29081562879598,30213.0,64.8078372268274,31.8840579710145,16.8,26.4188378517884,28.633804178846948,,,,,,,,
"Hong Kong SAR, China",HKG,100.0,9.0,58.946,60900.27529245373,90.5074,42250.20131297134,3.659529502491424,1050.0,568985861203.0,,-1225.0,71.2239751252594,,0.2,100.0,5.99201950900823,,,,,,,,
Honduras,HND,91.6,12.0,62.737,5633.383238451896,36.0401,6558.923144378114,1.9472169153104344,111890.0,4352175692.0,1.48969667029328,-6764.0,63.0886349044908,21.09375,48.9,55.8852577716247,36.45080133154456,5908.0,827.0,62575.0,872.0,98.0,804.0,822.0,287.0
Croatia,HRV,100.0,8.0,46.696,28061.44168374253,75.2946,25798.63766695418,2.025107280209326,55964.0,17374643362.0,1.54234055565076,-25016.0,64.7650804945653,18.5430463576159,32.8,56.093170097094,9.65604560814809,5536.0,0.91,68425.0,691.0,-156.0,925.0,512.0,0.29
Haiti,HTI,44.4,6.0,56.747,3196.973863706142,32.4736,10093.431782566857,6.535758875509103,27560.0,1163434592.0,0.0611986488105247,-34976.0,62.4331753305914,2.54237288135593,76.2,51.374898112219,74.22536225722149,3615.0,538.0,55.5,591.0,377.0,0.72,581.0,359.0
Hungary,HUN,100.0,13.0,56.16,32258.25778925114,76.0744,23740.10871197724,4.845383951030712,91260.0,124560029582.0,1.00220452852258,34190.0,66.3242430335959,12.5628140703518,13.6,70.4711761474609,7.463048663288117,5936.0,941.0,67.05,693.0,-247.0,911.0,595.0,201.0
Indonesia,IDN,98.5,9.0,64.684,11372.097198761188,39.9046,13501.741689491551,3.818323569433346,1877519.0,180208727600.0,0.718928190476345,-29911.0,67.3141002204628,19.8214285714286,22.0,55.0956840515137,49.12110218843969,5.34,809.0,62675.0,879.0,509.0,868.0,796.0,296.0
India,IND,95.7,8.0,48.466,6714.96639877754,20.0813,5625.39390236212,3.884240271966633,2973190.0,320670270000.0,2.4242845260441697,-589794.0,66.6529850197096,11.8081180811808,32.9,33.4984353473598,75.8131257799368,3818.0,638.0,60.0,0.89,83.0,805.0,591.0,357.0
Ireland,IRL,100.0,10.0,58.575,86299.34202169762,87.0001,310134.8616779045,0.9217179148084114,68890.0,160878019587.0,0.280112255033866,33387.0,65.3471982002052,22.1518987341772,10.8,63.0844503476779,11.021566662601774,6962.0,938.0,71.0,861.0,0.14,362.0,754.0,213.0
"Iran, Islamic Rep.",IRN,100.0,9.0,38.977,15324.067463463693,70.2006,17696.06968493369,32.91140318370637,1622500.0,71868239731.0,2.3562948832438297,-27946.0,69.281644819472,5.88235294117647,1.0,74.8034286499023,41.83941954515652,4278.0,674.0,66.15,603.0,75.0,703.0,482.0,493.0
Iraq,IRQ,99.9,6.0,35.693,12034.401121494397,33.9,38063.27172639226,18.2039920993937,434128.0,92435672721.0,2.75172485497662,15775.0,57.4360991222178,25.2279635258359,0.5,69.8765148865842,26.5668338829286,4886.0,764.0,62225.0,598.0,-67.0,887.0,552.0,482.0
Iceland,ISL,100.0,10.0,73.924,57197.767624717504,99.011,114152.47960246656,3.1046241623425885,100830.0,5306138865.0,,6638.0,66.7002499617406,38.0952380952381,81.4,93.8526667025487,11.35914086624894,,,,,,,,
Israel,ISR,100.0,15.0,62.869,40189.99099570689,83.7332,96659.45647322368,0.6852400467722646,21640.0,57165100000.0,5.28819717558874,15615.0,60.0955585952237,27.5,3.8,91.6456193546346,7.997624748846609,6927.0,0.91,72.25,725.0,0.05,0.77,612.0,282.0
Italy,ITA,100.0,12.0,44.392,43386.70058688029,74.3872,66098.54757262391,1.0705815164065342,295718.0,541520439203.00006,1.35443317948295,83686.0,63.976292081862,35.7142857142857,17.1,69.4800033569336,15.92131310534,6517.0,913.0,71825.0,0.65,-25.0,888.0,598.0,403.0
Jamaica,JAM,98.2,6.0,61.902,10752.740665092417,68.2145,12614.928089831992,4.90856937919466,10830.0,1850188289.0,1.33284679598136,-10335.0,71.5255766866216,17.4603174603175,8.9,56.297410990325,35.357184136333814,,,,,,,,
Jordan,JOR,99.9,10.0,32.024,9042.39781871198,65.2,23449.129902731256,2.2730468059104254,88780.0,6309017606.0,4.5600908711714805,32062.0,62.6409082280713,15.3846153846154,7.2,91.2008859099729,9.13710909077811,4639.0,0.8,67.6,762.0,-187.0,,,
Japan,JPN,100.0,9.0,59.931,42141.93529877579,88.7464,84154.82056002224,-0.0002375064599675,364500.0,737790850536.0,0.962497363778907,320601.0,59.1635617451289,10.1075268817204,7.3,91.6377318609728,8.22471239794535,5794.0,886.0,73975.0,773.0,-267.0,687.0,649.0,185.0
Kazakhstan,KAZ,100.0,9.0,66.729,25096.12858626153,78.9039,35831.56485443784,9.205605997666623,2699700.0,60653909393.0,0.835625758457601,-6644.0,63.8881462741249,27.1028037383178,1.9,58.2388038921695,25.488921783077497,6008.0,937.0,64.6,0.84,-102.0,824.0,611.0,162.0
Kenya,KEN,61.2,12.0,67.099,4411.561041208857,19.5,6478.751793630612,4.215028414590563,576964.2,6022897103.0,1.20738536752593,-115436.0,56.9033995834156,21.7765042979943,68.7,31.3940041639796,60.417905308115806,4656.0,707.0,57.3,821.0,285.0,844.0,747.0,237.0
Kyrgyz Republic,KGZ,100.0,10.0,55.795,4777.941753955746,62.8,3423.2472415047787,3.447445115892563,191800.0,1712412846.0,3.02854515463686,3494.0,62.5187488212999,19.1666666666667,23.4,34.9408997219466,33.00299695793737,5297.0,898.0,65275.0,945.0,265.0,907.0,617.0,203.0
Cambodia,KHM,80.7,,81.805,5616.980870233031,,4921.313863256182,3.816580945068068,176520.0,11811890125.0,1.63716525982655,-86702.0,63.3798695709733,20.0,58.1,37.6404336372742,54.0217305096052,5122.0,795.0,61.3,958.0,32.0,,723.0,414.0
"Korea, Rep.",KOR,100.0,9.0,60.357,45511.080350633056,96.0229,87036.84612610869,0.5665820739810385,97520.0,605454003895.0,2.36150967895845,118220.0,72.8334079576546,17.0,3.2,81.3823523035196,18.96555925706954,5.84,798.0,72825.0,0.6,-93.0,797.0,579.0,217.0
Kuwait,KWT,100.0,9.0,71.947,51370.73205952523,99.5988,104113.8881891114,11.299170107736115,17820.0,6428984174.0,5.1908547372877605,145973.0,75.6801466442691,3.07692307692308,0.0,100.0,1.321732329650992,,,,,,,,
Lao PDR,LAO,92.9,9.0,59.222,7486.864527004325,36.3,27697.497857377675,1.919889193917541,230800.0,5814655961.0,,-10305.0,63.6499839717622,27.5167785234899,50.2,35.2050070032013,78.5131930524803,4859.0,705.0,60.2,907.0,139.0,634.0,711.0,332.0
Lebanon,LBN,99.7,10.0,43.224,21985.48847022408,80.9,18758.38947301904,5.52248710107466,10230.0,3599269665.0,5.05552097445632,-259700.0,64.2077418407169,4.6875,4.7,89.272833088641,20.51035924374557,5167.0,829.0,65925.0,607.0,-79.0,907.0,415.0,271.0
Liberia,LBR,22.8,6.0,74.522,1799.7275139774838,17.2777,3032.452063525434,-0.2098727973878169,96320.0,459975801.0,0.405300245098039,-23199.0,54.8464060495971,12.3287671232877,94.4,52.3245795497906,77.06953986848043,4135.0,727.0,54.3,766.0,47.0,868.0,664.0,436.0
Libya,LBY,67.0,9.0,39.979,18879.31513019837,,87400.74071926312,3.5975738926426857,1759540.0,30041646020.0,,5841.0,65.1208644930479,15.9574468085106,2.9,87.818484275334,23.45695112428136,5494.0,824.0,64975.0,781.0,-143.0,646.0,635.0,399.0
Sri Lanka,LKA,99.6,11.0,49.488,14178.022536188651,28.3,13242.375285769867,4.295306192573008,61864.0,11556592277.0,1.73469354853576,-28607.0,66.010996751107,5.77777777777778,47.9,19.3241083384127,39.437097009347966,4435.0,833.0,66.9,859.0,98.0,856.0,773.0,302.0
Lesotho,LSO,47.0,7.0,49.161,2632.2877522300387,40.8,3550.900998156273,11.723068726943865,30360.0,1199109047.0,1.99938292931215,-6892.0,59.926850256205,22.1311475409836,42.5,37.569092747415,33.11395107400315,,,,,,,,
Lithuania,LTU,100.0,11.0,57.761,36491.93852236887,79.7226,34939.09580436362,3.593011676197605,62630.0,33174824978.0,1.94787932963701,-3459.0,65.2222782837189,21.2765957446809,33.7,67.1464742010457,10.63576047214458,6309.0,929.0,66.35,699.0,-241.0,852.0,518.0,214.0
Luxembourg,LUX,100.0,12.0,55.977,116638.41416388212,97.0613,196939.5082869546,1.839588065648627,2574.46,16323684088.0,0.500655642661875,10145.0,69.5280060384706,20.0,16.0,92.6709441899184,6.029116219793145,7243.0,902.0,71575.0,884.0,-27.0,385.0,715.0,202.0
Latvia,LVA,100.0,11.0,56.792,29817.804726318187,83.5772,27228.37791264156,3.740278739684541,62227.0,16085338194.0,2.13473002218592,-4972.0,63.9690120502929,31.0,41.0,68.0160346376376,8.691919652353599,5901.0,913.0,66.1,608.0,-216.0,799.0,521.0,192.0
Morocco,MAR,98.1,9.0,41.581,7801.0986328125,64.8039,12570.63704700131,0.9391816375319736,446300.0,26969137576.0,2.90288871579444,-88159.0,66.1084881706797,20.5063291139241,10.9,61.5695822753314,37.0295163984512,4897.0,554.0,63.6,773.0,-243.0,843.0,575.0,416.0
Moldova,MDA,100.0,13.0,66.222,11868.19554632228,50.3,12485.416409738844,3.2110321322372783,32885.3,2653142738.0,0.332323743240549,-36085.0,67.1972110865303,22.7722772277228,25.3,40.3258094787598,59.62446619957887,5682.0,892.0,64.1,824.0,-88.0,929.0,584.0,0.27
Madagascar,MDG,36.5,5.0,83.527,1546.595635497951,7.7478,1933.923873660244,8.297993310948428,581800.0,2965070980.0,0.532102174287315,-2887.0,56.0492179538872,19.205298013245,84.2,29.9181125346909,85.1290872848545,4071.0,666.0,57.05,551.0,4.0,889.0,723.0,362.0
Maldives,MDV,100.0,7.0,58.383,21899.429299384294,70.9,17224.52476681942,3.3764425421455257,300.0,181601401.0,,9637.0,74.097043216159,5.88235294117647,1.3,39.6923354428279,19.10093567360137,5198.0,913.0,69775.0,855.0,16.0,,,
Mexico,MEX,99.5,14.0,58.45,20921.477527757168,56.6596,28724.72135515854,5.204499978818447,1943950.0,449868144000.0,0.464611544931539,-175356.0,66.1073972501309,48.2,10.3,78.0271223924494,24.95220963594726,6.55,858.0,65.8,816.0,-184.0,809.0,815.0,213.0
North Macedonia,MKD,99.8,13.0,41.599,17389.80989044874,79.1678,11655.749793421826,3.926155289366818,25220.0,6921536070.0,0.9431087326702312,-24878.0,67.562678785047,38.3333333333333,20.9,60.1580316016216,18.32170480973913,5.24,849.0,65.9,745.0,-46.0,0.91,512.0,298.0
Mali,MLI,50.9,9.0,67.178,2684.4112202657466,21.4,7607.063556641509,1.479794936820184,1220190.0,3634116906.0,2.82359553728652,-40710.0,49.6819285971581,8.84353741496599,77.2,27.6999185916288,80.4414156362995,4416.0,692.0,54.2,737.0,-32.0,793.0,689.0,0.37
Malta,MLT,100.0,11.0,56.911,45384.05408356149,81.658,36418.37144267997,1.7983044655216247,320.0,3016797046.0,0.414176632611117,16961.0,67.4529854558025,11.9402985074627,7.6,94.7242373261706,10.302630029110336,6.91,932.0,71.45,927.0,172.0,595.0,666.0,296.0
Myanmar,MMR,66.1,5.0,61.883,5581.276954581495,29.379,7099.426499870373,5.341094639910111,652700.0,16691435342.0,2.3597905591242,-114598.0,68.2443282784871,10.161662817552,59.4,29.993574050729,61.8662706505316,4411.0,774.0,60575.0,906.0,495.0,647.0,0.64,0.3
Montenegro,MNE,100.0,9.0,45.429,19860.78273734479,71.5171,17039.59558157867,3.303947892254968,13450.0,448124471.0,1.36929487275714,-5058.0,65.856413254411,23.4567901234568,40.6,65.0854068937869,18.2673176204542,5.65,856.0,66.9,626.0,-55.0,769.0,527.0,355.0
Mongolia,MNG,98.1,12.0,56.534,12317.482427769468,47.13,15895.36474623378,7.960615864709993,1557255.0,7011764054.0,0.6689524633848529,7811.0,64.3450654827184,17.1052631578947,2.1,67.8683444833372,43.37927988315102,5465.0,942.0,60.2,696.0,0.05,849.0,525.0,192.0
Mozambique,MOZ,31.1,,75.626,1325.5869556895268,10.9,4156.635121678159,3.7951186149990974,786380.0,6014648156.0,1.30860718971448,-50224.0,51.8335272345336,39.6,79.0,32.9902559073541,83.7913050847769,4654.0,738.0,49.95,897.0,47.0,691.0,0.62,397.0
Mauritania,MRT,43.6,9.0,36.803,5429.232230597841,22.967,10656.025060149896,4.55445732510799,1030700.0,2051832238.0,2.13128230977177,-2987.0,52.5508076312595,20.2614379084967,21.6,55.1305077000081,54.3785868005739,4314.0,802.0,59575.0,467.0,-119.0,711.0,665.0,276.0
Mauritius,MUS,99.8,11.0,55.465,23415.523758911804,58.5962,18055.309988462537,1.8438047856241864,1997.0,2000179382.0,0.156385299781821,-5084.0,72.2057581526241,11.5942028985507,9.2,39.3474905591359,17.8800959882402,5882.0,909.0,63925.0,867.0,-79.0,785.0,0.71,158.0
Malawi,MWI,18.0,8.0,60.192,1363.7944559508812,8.79829,3885.8482005837855,6.152346985612709,94280.0,811643478.0,0.589501502223623,-3267.0,52.9962331231173,16.6666666666667,73.2,16.0221486554255,60.80032228260382,3335.0,528.0,56.55,799.0,46.0,766.0,548.0,365.0
Malaysia,MYS,100.0,6.0,63.41,27793.567422294807,81.201,30765.788146246967,0.6246746745866432,328550.0,247329102468.0,0.960104126677078,221965.0,68.8574738627401,13.9013452914798,5.3,74.5634625145296,22.567987233200327,5339.0,789.0,65725.0,875.0,125.0,894.0,716.0,0.2
Namibia,NAM,52.3,7.0,47.175,9853.73533646074,42.8,24592.80087203572,4.428488940811008,823290.0,4366810929.0,3.3326922839614603,17920.0,59.6109379234645,46.1538461538462,30.9,47.4232814423189,31.22995000520778,4834.0,864.0,55725.0,754.0,-174.0,846.0,696.0,0.24
Niger,NER,17.6,,72.277,1275.9964393532748,,3738.6126112541738,2.403686243317153,1266700.0,889239537.0,1.79380881698289,-3830.0,48.9209628832505,16.9590643274854,82.0,16.6449011799221,87.2743463489649,5164.0,612.0,55.15,791.0,8.0,637.0,759.0,503.0
Nigeria,NGA,56.5,9.0,76.851,7158.17107571781,27.7,7915.552937570335,10.228485086589217,910770.0,66226336098.0,0.506944517393582,-76565.0,53.4598457316183,5.55555555555556,80.8,58.1553347527729,67.143265827459,5252.0,741.0,54075.0,0.79,-12.0,866.0,762.0,256.0
Nicaragua,NIC,85.2,7.0,61.767,5935.166936313859,33.913,7214.880835590852,2.658258550865924,120340.0,2418040310.0,0.62717222145559,-20742.0,63.8501706228672,45.6521739130435,51.3,58.3683858659405,39.578485563411576,5819.0,854.0,65425.0,797.0,7.0,713.0,743.0,408.0
Netherlands,NLD,100.0,13.0,63.838,58819.26091425838,91.8919,101928.8672255991,2.5334028933161648,33670.0,713995003626.0,1.1961416179648,87197.0,65.248775211947,36.0,7.4,92.6062472401044,12.017520854719718,7463.0,939.0,71325.0,0.92,158.0,371.0,748.0,205.0
Norway,NOR,100.0,10.0,63.403,70253.84636933861,96.4917,238420.58894715496,6.74292460193486,365108.0,122002979659.0,1.7152973747833498,18473.0,65.2758388121435,41.4201183431953,58.9,82.2452112401723,4.671519478604524,7444.0,966.0,71.35,0.96,88.0,268.0,786.0,212.0
Nepal,NPL,93.9,9.0,35.533,3956.124610944433,28.6,1949.5794510818257,4.355858468041802,143350.0,781125192.0,1.34998219265679,-295151.0,62.4301946506601,32.7272727272727,75.0,65.8104229225551,78.9444168392601,4.91,768.0,61025.0,0.77,0.11,742.0,457.0,387.0
New Zealand,NZL,100.0,10.0,67.45,42527.27841033007,89.0,77788.17945808172,1.7601750188471923,263310.0,39265130791.0,1.10543396326223,59139.0,65.6292575548676,38.3333333333333,28.9,83.8017846685577,13.84349072792734,7.37,954.0,70125.0,949.0,115.0,207.0,785.0,168.0
Oman,OMN,100.0,10.0,69.248,37780.33083272706,85.5,38335.23242301386,11.732294608451738,309500.0,21641278329.6878,8.26760144238502,-52630.0,74.534173648602,1.17647058823529,0.0,78.9655839720276,3.6627731756388,,,,,,,,
Pakistan,PAK,93.4,12.0,48.911,4979.373496165502,15.34,4160.308084908811,3.8417866327479686,770880.0,23066647401.0,3.58696176378502,-1309611.0,57.7692684064018,20.2346041055718,43.4,36.7478511550359,55.633329756432005,5472.0,685.0,56625.0,773.0,61.0,799.0,0.47,377.0
Panama,PAN,93.8,11.0,64.083,32463.5403500842,61.8055,50474.058156471496,0.7005368249293724,74180.0,641085167.0,,11130.0,65.0938653057126,18.3098591549296,24.5,65.7099285144924,36.0547926919118,6281.0,904.0,68.6,861.0,-135.0,837.0,841.0,223.0
Peru,PER,95.2,14.0,74.484,13078.232350340506,55.0543,22566.026515339752,2.277415317621333,1280000.0,47403640465.0,1.18979117011669,339067.0,65.116760333898,27.6923076923077,27.9,82.6854929960921,52.9335908481099,5.68,845.0,69325.0,0.83,-181.0,906.0,783.0,0.38
Philippines,PHL,94.2,13.0,57.602,8357.743579342186,44.1,13855.38537726701,3.740653830220708,298170.0,67424360256.0,1.18424717696738,-163602.0,63.899758760509,29.4520547945205,27.6,53.2088897464754,31.989110853291617,5869.0,846.0,61975.0,918.0,-0.11,726.0,756.0,393.0
Poland,POL,100.0,10.0,55.327,32345.10660762248,77.5417,29058.82316654323,1.2269982517413354,306170.0,263105311862.0,2.02472821822818,-223.0,67.6767403778615,28.0434782608696,15.1,60.0533306480907,20.40346862203396,6111.0,863.0,68525.0,0.87,-258.0,0.72,622.0,176.0
Portugal,PRT,100.0,12.0,54.846,34896.79933829735,74.661,36303.01170489063,1.852371454160533,91605.6,66856910870.00001,1.3414788187372602,22495.0,64.3500227062455,34.7826086956522,27.5,61.1233069673808,11.00397731900788,5.92,887.0,70875.0,877.0,-265.0,0.88,646.0,318.0
Paraguay,PRY,99.6,13.0,67.4,14139.093126756798,64.9935,24802.756246478115,1.9602481984208,397300.0,8672251806.0,0.961156152749535,-16472.0,64.6258511339338,15.0,59.2,63.9248988239553,37.63613971157382,,,,,,,,
West Bank and Gaza,PSE,100.0,10.0,32.043,6215.816473173963,64.4,11716.076770424124,-0.3019927251599625,6020.0,1155634061.0,,-25141.0,56.9225409060852,,12.7,85.5351131070872,23.181760516157127,4554.0,819.0,,655.0,-0.16,814.0,528.0,419.0
Qatar,QAT,100.0,9.0,87.407,110032.83988274651,99.6528,89683.40078620565,12.414540187056543,11490.0,83644291636.0,,12465.0,84.9008489965384,9.75609756097561,0.0,99.0755684762244,0.283198812693433,,,,,,,,
Romania,ROU,99.8,10.0,49.664,27678.62995470984,70.6813,23092.68607430141,6.182054295109765,230080.0,79529178233.99991,1.79144423500295,-33018.0,65.8004680304066,20.6686930091185,23.0,53.1445711571868,15.47005379244963,6151.0,818.0,66675.0,845.0,-222.0,921.0,649.0,298.0
Russian Federation,RUS,100.0,11.0,59.403,28628.5625,80.8647,22781.604251496487,9.997976711483076,16376870.0,448448886431.0,3.71982243956434,339972.0,67.7832495905018,15.7777777777778,3.2,74.5442926137992,5.43634022949716,5514.0,909.0,63825.0,729.0,-151.0,865.0,615.0,199.0
Rwanda,RWA,38.0,6.0,53.882,2125.495227128391,19.2,2807.9100145022853,-0.6033290192069387,24670.0,844900442.0,1.23514702337913,-25323.0,56.6302952050914,61.25,82.8,21.5418444579064,42.13910188537253,3561.0,616.0,59875.0,924.0,57.0,164.0,765.0,308.0
Saudi Arabia,SAU,99.9,9.0,55.835,59377.80253687679,93.31,99976.97031398372,15.862588282917471,2149690.0,295386378214.0,8.81333517624339,-988751.0,71.9567949680951,19.8675496688742,0.0,83.4708425884849,1.6942011680704117,6356.0,868.0,63.8,855.0,-194.0,,696.0,288.0
Sudan,SDN,55.3,8.0,36.247,4199.25048828125,24.6,6362.658695822524,55.97532544375693,1868000.0,3465477813.0,1.77892402693237,125499.0,55.1467778096411,30.5164319248826,59.8,34.382054222005,40.994427491401,,,,,,,,
Senegal,SEN,66.0,11.0,46.683,3380.2159652944542,35.3,6320.701744714152,-0.8396444647383277,192530.0,2776800338.0,1.66692756826471,33567.0,55.161731926394,41.8181818181818,34.2,48.9001692274485,66.0701706723963,4769.0,739.0,59.1,629.0,-77.0,805.0,724.0,247.0
Singapore,SGP,100.0,6.0,66.103,103963.36329269044,88.1656,165228.85200026009,3.607262565056232,714.0,412778066015.0,2.80776039122786,21820.0,77.1869683023096,23.0,0.8,100.0,8.893571813354463,6375.0,903.0,73.5,916.0,-71.0,97.0,731.0,107.0
Sierra Leone,SLE,26.1,9.0,52.191,2640.475667876458,14.4223,5171.13782522651,16.020731800780922,72180.0,373499738.0,0.465679597167025,-2741.0,56.2651605393985,12.3287671232877,75.9,42.2011025267803,86.32029648367595,4306.0,0.65,52.1,716.0,96.0,856.0,533.0,466.0
El Salvador,SLV,97.0,15.0,56.376,9203.762163107724,43.8,10971.911678777613,1.7162630870751483,20720.0,5904922945.0,1.1322072788533402,-54163.0,65.4569293342278,30.952380952381,23.2,71.7577209472656,34.30963291724598,6241.0,0.82,64.55,863.0,-0.1,801.0,817.0,0.27
"Somalia, Fed. Rep.",SOM,50.7,,27.693,1551.527739774731,,,4.973250120695184,627340.0,525381297.0,0.972462847707354,40844.0,50.2495828098604,24.3636363636364,94.9,50.9506215336872,45.726311666236896,,,,,,,,
Serbia,SRB,100.0,8.0,47.091,17397.861095714776,73.3607,15606.335188452727,1.999999402779622,87460.0,18324157309.0,2.01722347053086,-18883.0,65.2458205597449,34.4,21.0,60.8433609008789,24.67048344619489,5936.0,853.0,66775.0,0.74,-103.0,864.0,527.0,296.0
South Sudan,SSD,6.3,8.0,64.697,,4.8,,,631930.0,1612958503.0,4.7742494592124,157408.0,52.5289151600364,28.4595300261097,31.5,19.6254143932663,82.0676985980013,,,,,,,,
Suriname,SUR,97.4,6.0,51.901,17855.478714143737,55.1,25827.56431315721,5.660593770896256,160507.61,1790484700.0,,-851.0,65.9011279998332,25.4901960784314,18.3,66.0693060442846,19.54927554223491,,,,,,,,
Slovak Republic,SVK,100.0,10.0,55.819,31509.81872916348,80.4489,30493.88960485297,2.108648381727434,48080.0,93399839762.0,1.2162721124611702,3446.0,68.5861635146178,20.0,12.4,53.4881496935559,12.31610435369169,6235.0,922.0,68275.0,758.0,-169.0,0.91,0.67,253.0
Slovenia,SVN,100.0,9.0,55.935,38620.20454363048,79.75,47514.84393701343,2.180953703058534,20136.4,44191377840.0,0.986759717956076,14640.0,65.452513323996,24.4444444444444,20.6,55.1913430955675,12.88721045692051,6249.0,941.0,70525.0,942.0,-123.0,839.0,601.0,275.0
Sweden,SWE,100.0,9.0,60.395,53122.43867721801,89.247,127250.843719423,2.614455519982116,407310.64,164643737317.0,1.04000297143706,87517.0,62.3768470334521,46.1318051575931,51.6,87.4737430925296,7.223370173977518,7375.0,931.0,71775.0,942.0,73.0,263.0,747.0,161.0
Eswatini,SWZ,74.0,7.0,37.157,8535.255931604543,39.4,25161.9819613122,3.293682459099045,17200.0,1842742990.0,2.09604400864986,-8546.0,60.7565725734529,7.2463768115942,65.7,24.0579295404227,32.24973204715974,4212.0,779.0,49.3,0.71,-179.0,692.0,739.0,252.0
Syrian Arab Republic,SYR,86.0,9.0,32.68,3455.892270134488,33.77,2951.6889427477145,13.187940283029604,183630.0,2323766109.0,,514102.0,57.5981626169785,13.2,0.9,74.0612602381775,39.050973937342064,,,,,,,,
Chad,TCD,10.1,10.0,59.293,2227.8133537261147,7.0,10195.73158942614,3.868992243616788,1259200.0,1649723221.0,1.65270267984506,46661.0,49.7052074391838,15.2542372881356,73.1,23.8486084924975,89.959194458676,4486.0,577.0,51625.0,0.65,23.0,763.0,532.0,544.0
Togo,TGO,50.0,10.0,56.35,2067.0664295966026,15.5,2842.172874040245,0.4529079382546257,54390.0,1025239232.0,1.46839079223187,-1985.0,55.9551727870637,17.5824175824176,76.7,41.013328267781,79.0881662731161,4023.0,596.0,55.7,612.0,-27.0,809.0,602.0,446.0
Thailand,THA,99.8,9.0,67.28,18876.220876674084,56.8175,17124.561084006265,1.4285861642072746,510890.0,249597532205.0,1.32639351547521,10984.0,71.2751569841428,5.28455284552846,23.7,54.5843734741211,48.7818153109021,6012.0,873.0,68225.0,905.0,257.0,907.0,783.0,198.0
Tajikistan,TJK,99.3,9.0,35.311,3069.103850795924,,12571.218546767352,2.492227556484579,138790.0,1191756250.0,1.04856527674186,-6111.0,60.6510909193858,19.047619047619,41.6,26.2338752746582,29.398749476801,5497.0,875.0,61.85,,-71.0,578.0,632.0,0.22
Turkmenistan,TKM,100.0,12.0,41.199,14368.462143253211,,,1.2108759401387346,469930.0,9706354244.99999,,19293.0,65.8261242841285,24.8,0.1,47.0423948717765,30.14611927257847,4621.0,984.0,62.0,858.0,259.0,,567.0,189.0
Trinidad and Tobago,TTO,100.0,7.0,59.009,28673.24139516532,72.8,50887.585279371255,1.0451221196384353,5130.0,7465090086.0,0.694747131148301,35502.0,71.6096737307283,30.952380952381,0.5,53.9314518934907,19.49569591998556,,,,,,,,
Tunisia,TUN,99.8,9.0,41.095,11841.40619806031,64.1908,9205.041408902973,7.943554941246987,155360.0,14669466243.0,1.97644872011962,-21012.0,67.2921528421048,31.3364055299539,11.9,68.5485240272509,18.691092900021665,4741.0,733.0,66.85,0.65,-196.0,0.84,536.0,365.0
Turkiye,TUR,100.0,12.0,47.382,28640.340183980177,71.0428,33874.201732173016,16.733481284432614,769630.0,175727705996.0,2.52209022414858,187570.0,68.7066114748183,17.4496644295302,11.8,88.1655749576173,27.729131919947896,5186.0,847.0,68225.0,529.0,-179.0,805.0,379.0,351.0
,,,,,,,,,,,,,,,,,,6467.0,896.0,,741.0,-177.0,736.0,746.0,93.0
Tanzania,TZA,34.9,7.0,82.332,2727.88012695313,15.4907,7405.459411961409,3.007575121416295,885800.0,3665813196.0,1.10090687427422,-55444.0,53.2535161109898,37.1794871794872,81.3,32.8287423010834,84.7572091184033,3445.0,675.0,58.05,807.0,154.0,612.0,702.0,221.0
Uganda,UGA,41.9,7.0,72.364,2312.0575281349497,,8803.468375421748,4.443385271664255,200520.0,3042735268.0,1.15245192326926,60724.0,51.6624784910471,34.2984409799555,90.5,27.1280475018884,76.19070892135602,4322.0,0.74,57725.0,729.0,75.0,856.0,687.0,0.39
Ukraine,UKR,100.0,11.0,51.357,12554.8486328125,62.5532,4463.538417143895,15.39853035141556,579400.0,47177603409.0,3.63516607992805,-32220.0,68.2325299304405,12.2931442080378,6.9,69.3157992777909,18.74336258941389,4662.0,901.0,64175.0,663.0,-78.0,943.0,0.55,222.0
Uruguay,URY,99.8,14.0,58.371,24386.494847395174,80.7268,52928.83663766392,7.525631391540173,175020.0,6540816829.0,2.07741613248953,-2963.0,64.5510989137242,20.2020202020202,60.8,95.2942581176758,24.23420678448101,6372.0,917.0,67.5,876.0,-106.0,683.0,775.0,275.0
United States,USA,100.0,12.0,60.153,62875.66613827284,88.4989,,2.3830537225445028,9147420.0,1663478706713.0,3.3040005391035,1764961.0,65.9220436398193,23.5023041474654,9.9,80.2804567987377,4.023666590063268,6883.0,904.0,66225.0,825.0,112.0,0.71,757.0,292.0
Uzbekistan,UZB,100.0,12.0,53.503,8128.755203035225,55.2,8621.24329967095,25.8811586348977,440587.0,6956811789.0,2.86661981035524,-11516.0,65.9153420605047,16.0,1.5,50.5814971923828,34.202580445022576,6205.0,921.0,64.4,0.97,312.0,0.52,746.0,209.0
"Venezuela, RB",VEN,99.9,17.0,55.011,,,,225690.0599178348,882050.0,31659071406.0,0.150853892569221,-1355602.0,64.6872095538613,22.1556886227545,14.6,89.0659636921159,34.24736221645991,5006.0,887.0,64575.0,611.0,72.0,828.0,723.0,374.0
Viet Nam,VNM,100.0,10.0,76.582,10009.971475600563,69.8479,7028.770766462209,3.6266473002725945,313429.0,239221683219.0,1.8065013887431096,96650.0,68.4353308489645,26.7206477732794,24.3,33.9410227821412,53.9142551765669,5296.0,832.0,65.2,909.0,-61.0,808.0,614.0,191.0
Kosovo,XKX,,,,10018.738708081137,89.443,,1.498919251299654,,425767952.0,0.804420588442497,-21386.0,68.0809858457772,,,42.8378095837429,,6392.0,822.0,,0.89,267.0,922.0,642.0,0.17
"Yemen, Rep.",YEM,62.0,9.0,26.874,,,14807.306237184124,14.853664760046144,527970.0,123477400.0,,-26335.0,55.9318885256356,0.0,2.9,34.2106045810864,45.027139345149,3058.0,789.0,57725.0,553.0,-124.0,793.0,409.0,315.0
South Africa,ZAF,84.7,9.0,40.319,13347.36348260377,62.4,20715.37660038501,3.993295085094431,1213090.0,87731697010.0,0.8947570647501161,318260.0,66.3669410679632,42.7480916030534,8.0,63.3771545246841,10.324177271824013,4884.0,841.0,55675.0,753.0,-61.0,841.0,736.0,283.0
Zambia,ZMB,40.2,7.0,55.533,3442.2730719630176,14.3,15022.530649210685,7.411570948432569,743390.0,8727007327.0,1.43749939178333,18431.0,54.0877190278681,17.9640718562874,83.8,43.1114735233156,72.54242328794743,4041.0,718.0,53975.0,791.0,48.0,811.0,662.0,351.0
Zimbabwe,ZWE,45.4,7.0,61.421,3992.890718675003,25.0,11541.426163776026,3.554055619519019,386850.0,3442339546.0,1.17941734860884,-117758.0,53.6144616378435,31.4814814814815,79.7,35.4085538807905,68.1111849759016,3616.0,775.0,52625.0,763.0,-51.0,844.0,658.0,212.0
